DopingDensity_1e15_cm3,DefectLevel_meV,defectDensity_m1,F1F2
4.56015388539002,86.2836192780917,17.946707815905,0.14051537809875
