DopingDensity_1e15_cm3,DefectLevel_meV,defectDensity_m1,F1F2
17.0154765371817,167.244786625637,3.25728324396404,0.18561145311131
