DopingDensity_1e15_cm3,DefectLevel_meV,defectDensity_m1,F1F2
4.20607320725037,110.995363985933,26.96172514838,0.150473195774279
