DopingDensity_1e15_cm3,DefectLevel_meV,defectDensity_m1,F1F2
6.82368765856743,123.509688613337,19.8096402990147,0.14695785157746
