DopingDensity_1e15_cm3,DefectLevel_meV,defectDensity_m1,F1F2
2.81469089358285,76.2865518736712,16.1627696734286,0.145024879488581
