DopingDensity_1e15_cm3,DefectLevel_meV,defectDensity_m1,F1F2
4.72510920117276,72.5377671914314,9.87089556626778,0.148663259932212
